<?xml version="1.0" encoding="UTF-8"?>
<rss version="2.0" xmlns:atom="http://www.w3.org/2005/Atom">
  <channel>
    <title>40 Hour Challenge</title>
    <description>You can make your dreams a reality by putting in the time</description>
    <link>http://40hourchallenge.com/</link>
    <atom:link href="/feed.xml" rel="self" type="application/rss+xml" />
    <pubDate>Tue, 24 Mar 2015 16:29:52 -0700</pubDate>
    <lastBuildDate>Tue, 24 Mar 2015 16:29:52 -0700</lastBuildDate>
    <generator>Jekyll v2.5.3</generator>
    
      <item>
        <title>Project 1</title>
        <description>Use this area of the page to describe your project. The icon above is part of a free icon set by &lt;a href=&quot;https://sellfy.com/p/8Q9P/jV3VZ/&quot;&gt;Flat Icons&lt;/a&gt;. On their website, you can download their free set with 16 icons, or you can purchase the entire set with 146 icons for only $12!</description>
        <pubDate>Fri, 18 Jul 2014 00:00:00 -0700</pubDate>
        <link>http://40hourchallenge.com/web%20development/2014/07/18/project-1/</link>
        <guid isPermaLink="true">http://40hourchallenge.com/web%20development/2014/07/18/project-1/</guid>
        
        
        <category>web development</category>
        
      </item>
    
      <item>
        <title>Project 2</title>
        <description>Use this area of the page to describe your project. The icon above is part of a free icon set by &lt;a href=&quot;https://sellfy.com/p/8Q9P/jV3VZ/&quot;&gt;Flat Icons&lt;/a&gt;. On their website, you can download their free set with 16 icons, or you can purchase the entire set with 146 icons for only $12!</description>
        <pubDate>Thu, 17 Jul 2014 00:00:00 -0700</pubDate>
        <link>http://40hourchallenge.com/web%20development/2014/07/17/project-2/</link>
        <guid isPermaLink="true">http://40hourchallenge.com/web%20development/2014/07/17/project-2/</guid>
        
        
        <category>web development</category>
        
      </item>
    
      <item>
        <title>Project 3</title>
        <description>Use this area of the page to describe your project. The icon above is part of a free icon set by &lt;a href=&quot;https://sellfy.com/p/8Q9P/jV3VZ/&quot;&gt;Flat Icons&lt;/a&gt;. On their website, you can download their free set with 16 icons, or you can purchase the entire set with 146 icons for only $12!</description>
        <pubDate>Wed, 16 Jul 2014 00:00:00 -0700</pubDate>
        <link>http://40hourchallenge.com/web%20development/2014/07/16/project-3/</link>
        <guid isPermaLink="true">http://40hourchallenge.com/web%20development/2014/07/16/project-3/</guid>
        
        
        <category>web development</category>
        
      </item>
    
      <item>
        <title>Project 6</title>
        <description>Use this area of the page to describe your project. The icon above is part of a free icon set by &lt;a href=&quot;https://sellfy.com/p/8Q9P/jV3VZ/&quot;&gt;Flat Icons&lt;/a&gt;. On their website, you can download their free set with 16 icons, or you can purchase the entire set with 146 icons for only $12!</description>
        <pubDate>Tue, 15 Jul 2014 00:00:00 -0700</pubDate>
        <link>http://40hourchallenge.com/web%20development/2014/07/15/project-6/</link>
        <guid isPermaLink="true">http://40hourchallenge.com/web%20development/2014/07/15/project-6/</guid>
        
        
        <category>web development</category>
        
      </item>
    
      <item>
        <title>Project 4</title>
        <description>Use this area of the page to describe your project. The icon above is part of a free icon set by &lt;a href=&quot;https://sellfy.com/p/8Q9P/jV3VZ/&quot;&gt;Flat Icons&lt;/a&gt;. On their website, you can download their free set with 16 icons, or you can purchase the entire set with 146 icons for only $12!</description>
        <pubDate>Tue, 15 Jul 2014 00:00:00 -0700</pubDate>
        <link>http://40hourchallenge.com/web%20development/2014/07/15/project-4/</link>
        <guid isPermaLink="true">http://40hourchallenge.com/web%20development/2014/07/15/project-4/</guid>
        
        
        <category>web development</category>
        
      </item>
    
      <item>
        <title>Project 5</title>
        <description>Use this area of the page to describe your project. The icon above is part of a free icon set by &lt;a href=&quot;https://sellfy.com/p/8Q9P/jV3VZ/&quot;&gt;Flat Icons&lt;/a&gt;. On their website, you can download their free set with 16 icons, or you can purchase the entire set with 146 icons for only $12!</description>
        <pubDate>Mon, 14 Jul 2014 00:00:00 -0700</pubDate>
        <link>http://40hourchallenge.com/web%20development/2014/07/14/project-5/</link>
        <guid isPermaLink="true">http://40hourchallenge.com/web%20development/2014/07/14/project-5/</guid>
        
        
        <category>web development</category>
        
      </item>
    
  </channel>
</rss>
